SN,image,breadth,height,channel
1,Cat18_1.jpg,791,1363,3
2,Cat18_10.jpg,790,1352,3
3,Cat18_2.jpg,781,1363,3
4,Cat18_3.jpg,781,1363,3
5,Cat18_4.jpg,1074,1565,3
6,Cat18_5.jpg,781,1257,3
7,Cat18_6.jpg,794,1228,3
8,Cat18_7.jpg,793,1228,3
9,Cat18_8.jpg,793,1228,3
10,Cat18_9.jpg,793,1337,3
11,Cat19_1.jpg,1083,1176,3
12,Cat19_10.jpg,1374,974,3
13,Cat19_2.jpg,1096,1201,3
14,Cat19_3.jpg,1207,1090,3
15,Cat19_4.jpg,1083,1099,3
16,Cat19_5.jpg,1087,1092,3
17,Cat19_6.jpg,1089,973,3
18,Cat19_7.jpg,1089,973,3
19,Cat19_8.jpg,1089,973,3
20,Cat20_1.jpg,997,1249,3
21,Cat20_10.jpg,1256,1536,3
22,Cat20_2.jpg,997,1249,3
23,Cat20_3.jpg,999,1134,3
24,Cat20_4.jpg,997,1137,3
25,Cat20_5.jpg,997,1134,3
26,Cat20_6.jpg,1188,1249,3
27,Cat20_7.jpg,1182,1249,3
28,Cat20_8.jpg,1252,1222,3
29,Cat20_9.jpg,1256,1542,3
30,Cat21_1.jpg,1005,1137,3
31,Cat21_10.jpg,1005,1540,3
32,Cat21_2.jpg,1005,1137,3
33,Cat21_3.jpg,1005,1139,3
34,Cat21_4.jpg,1305,1137,3
35,Cat21_5.jpg,1040,1374,3
36,Cat21_6.jpg,1005,1160,3
37,Cat21_7.jpg,1009,1493,3
38,Cat21_8.jpg,1294,1274,3
39,Cat22_1.jpg,1187,933,3
40,Cat22_10.jpg,1080,935,3
41,Cat22_2.jpg,1077,1047,3
42,Cat22_3.jpg,1077,1049,3
43,Cat22_4.jpg,1078,1284,3
44,Cat22_5.jpg,1073,943,3
45,Cat22_6.jpg,1187,933,3
46,Cat22_7.jpg,1412,933,3
47,Cat22_8.jpg,1412,933,3
48,Cat22_9.jpg,1080,933,3
49,Cat23_1.jpg,1177,937,3
50,Cat23_10.jpg,1179,1265,3
51,Cat23_2.jpg,1177,937,3
52,Cat23_3.jpg,1177,1282,3
53,Cat23_4.jpg,1177,937,3
54,Cat23_5.jpg,1179,946,3
55,Cat23_6.jpg,1179,1265,3
56,Cat23_7.jpg,1179,1265,3
57,Cat23_8.jpg,1179,1151,3
58,Cat24_1.jpg,1104,1087,3
59,Cat24_10.jpg,1389,1086,3
60,Cat24_2.jpg,1110,1087,3
61,Cat24_3.jpg,1328,1086,3
62,Cat24_4.jpg,1112,1197,3
63,Cat24_5.jpg,1281,1197,3
64,Cat24_6.jpg,1281,1197,3
65,Cat24_7.jpg,1281,1197,3
66,Cat24_8.jpg,1281,1086,3
67,Cat24_9.jpg,1281,1086,3
68,Cat25_1.jpg,1139,1622,3
69,Cat25_10.jpg,1339,1430,3
70,Cat25_2.jpg,1077,1732,3
71,Cat25_3.jpg,1347,1519,3
72,Cat25_4.jpg,1347,1539,3
73,Cat25_5.jpg,1350,1537,3
74,Cat25_6.jpg,1340,1537,3
75,Cat25_7.jpg,1340,1537,3
76,Cat25_8.jpg,1340,1537,3
77,Cat26_1.jpg,1464,1359,3
78,Cat26_10.jpg,1487,1436,3
79,Cat26_2.jpg,1464,1359,3
80,Cat26_3.jpg,1355,1472,3
81,Cat26_4.jpg,1305,1363,3
82,Cat26_5.jpg,1412,1485,3
83,Cat26_6.jpg,1412,1485,3
84,Cat26_7.jpg,1410,1485,3
85,Cat26_8.jpg,1438,1363,3
86,Cat26_9.jpg,1381,1737,3
87,Cat27_1.jpg,1231,1734,3
88,Cat27_10.jpg,1125,1718,3
89,Cat27_2.jpg,1233,1734,3
90,Cat27_3.jpg,1120,1607,3
91,Cat27_4.jpg,1236,1734,3
92,Cat27_5.jpg,1444,2050,3
93,Cat27_6.jpg,1233,1718,3
94,Cat27_7.jpg,1233,1718,3
95,Cat27_8.jpg,1124,1718,3
96,Cat28_1.jpg,937,1177,3
97,Cat28_10.jpg,1266,1178,3
98,Cat28_2.jpg,937,1177,3
99,Cat28_3.jpg,1282,1177,3
100,Cat28_4.jpg,937,1177,3
101,Cat28_5.jpg,947,1179,3
102,Cat28_6.jpg,1265,1178,3
103,Cat28_7.jpg,1265,1178,3
104,Cat28_8.jpg,1151,1179,3
105,Cat28_9.jpg,1151,1179,3
106,Cat29_1.jpg,936,1177,3
107,Cat29_10.jpg,1267,1179,3
108,Cat29_2.jpg,936,1177,3
109,Cat29_3.jpg,1282,1177,3
110,Cat29_4.jpg,936,1177,3
111,Cat29_5.jpg,948,1179,3
112,Cat29_6.jpg,1266,1179,3
113,Cat29_7.jpg,1266,1179,3
114,Cat29_8.jpg,1151,1179,3
115,Cat30_1.jpg,1177,936,3
116,Cat30_10.jpg,1179,1267,3
117,Cat30_2.jpg,1177,936,3
118,Cat30_3.jpg,1177,1282,3
119,Cat30_4.jpg,1177,936,3
120,Cat30_5.jpg,1179,947,3
121,Cat30_6.jpg,1179,1266,3
122,Cat30_7.jpg,1179,1266,3
123,Cat30_8.jpg,1179,1152,3
124,Cat30_9.jpg,1179,1152,3
125,Cat31_1.jpg,1087,1104,3
126,Cat31_10.jpg,1086,1280,3
127,Cat31_2.jpg,1086,1109,3
128,Cat31_3.jpg,1087,1327,3
129,Cat31_4.jpg,1197,1112,3
130,Cat31_5.jpg,1281,1197,3
131,Cat31_6.jpg,1197,1280,3
132,Cat31_7.jpg,1197,1280,3
133,Cat31_8.jpg,1197,1280,3
134,Cat32_1.jpg,1087,1104,3
135,Cat32_10.jpg,1086,1388,3
136,Cat32_2.jpg,1086,1109,3
137,Cat32_3.jpg,1087,1327,3
138,Cat32_4.jpg,1196,1280,3
139,Cat32_5.jpg,1196,1112,3
140,Cat32_6.jpg,1086,1280,3
141,Cat32_7.jpg,1196,1280,3
142,Cat32_8.jpg,1196,1280,3
143,Cat32_9.jpg,1086,1280,3
144,Cat33_1.jpg,1359,1463,3
145,Cat33_10.jpg,1436,1487,3
146,Cat33_2.jpg,1359,1462,3
147,Cat33_3.jpg,1472,1355,3
148,Cat33_4.jpg,1363,1306,3
149,Cat33_5.jpg,1484,1413,3
150,Cat33_6.jpg,1484,1406,3
151,Cat33_7.jpg,1484,1413,3
152,Cat33_8.jpg,1363,1439,3
153,Cat33_9.jpg,1736,1382,3
154,Cat34_1.jpg,1463,1359,3
155,Cat34_10.jpg,1487,1436,3
156,Cat34_2.jpg,1463,1359,3
157,Cat34_3.jpg,1355,1471,3
158,Cat34_4.jpg,1306,1363,3
159,Cat34_5.jpg,1413,1485,3
160,Cat34_6.jpg,1406,1485,3
161,Cat34_7.jpg,1413,1485,3
162,Cat34_8.jpg,1439,1363,3
163,Cat34_9.jpg,1382,1737,3
164,Cat19_9.jpg,1089,974,3
165,Cat21_9.jpg,1000,1850,3
166,Cat23_9.jpg,1179,1151,3
167,Cat25_9.jpg,1339,1430,3
168,Cat27_9.jpg,1124,1718,3
169,Cat29_9.jpg,1151,1179,3
170,Cat31_9.jpg,1197,1280,3
